{
	"dependencies": "railcraft",
	"populate": {
		"zinc": {
			"enabled": true,
			"distribution": "uniform",
			"generator": {
				"block": {
					"name": "railcraft:ore_metal",
					"properties": {
						"variant": "zinc"
					}
				},
				"material": "minecraft:stone",
				"cluster-size": 4
			},
			"cluster-count": 12,
			"min-height": 40,
			"max-height": 75,
			"retrogen": true,
			"biome": "all",
			"dimension": {
				"restriction": "blacklist",
				"value": [
					-1,
					1
				]
			}
		}
  }
}
